PackageId,Address,PlannedGaylord,PlannedRangeMin,PlannedRangeMax,ActualGaylord,ActualRangeMin,ActualRangeMax,IsCorrect,SpawnTime,LandingTime
0,39,SortPoint_1_Right,37,71,SortPoint_3_Right,108,143,False,0.000,9.080
1,150,SortPoint_4_Left,144,179,SortPoint_4_Left,144,179,True,0.385,10.800
2,277,SortPoint_7_Right,251,286,SortPoint_7_Right,251,286,True,0.823,12.220
3,613,SortPoint_17_Right,608,643,SortPoint_17_Right,608,643,True,1.254,17.220
4,610,SortPoint_17_Right,608,643,SortPoint_17_Right,608,643,True,1.681,17.980
5,697,SortPoint_19_Right,680,714,SortPoint_19_Right,680,714,True,2.082,19.560
6,689,SortPoint_19_Right,680,714,SortPoint_19_Right,680,714,True,2.549,19.660
7,907,SortPoint_25_Right,894,929,SortPoint_17_Right,608,643,False,3.031,20.600
8,959,SortPoint_26_Left,930,964,SortPoint_26_Left,930,964,True,3.479,23.860
9,509,SortPoint_14_Left,501,536,SortPoint_14_Left,501,536,True,3.929,19.780
10,289,SortPoint_8_Left,287,321,SortPoint_8_Left,287,321,True,4.393,17.460
11,850,SortPoint_23_Right,822,857,SortPoint_12_Left,430,464,False,4.857,20.140
12,100,SortPoint_2_Left,72,107,SortPoint_2_Left,72,107,True,5.302,15.700
13,706,SortPoint_19_Right,680,714,SortPoint_19_Right,680,714,True,5.730,23.520
14,635,SortPoint_17_Right,608,643,,,,,6.163,
15,981,SortPoint_27_Right,965,1000,SortPoint_27_Right,965,1000,True,6.617,28.280
16,123,SortPoint_3_Right,108,143,,,,,7.029,
17,284,SortPoint_7_Right,251,286,SortPoint_9_Right,322,357,False,7.469,20.860
18,770,SortPoint_21_Right,751,786,SortPoint_21_Right,751,786,True,7.924,26.100
19,62,SortPoint_1_Right,37,71,SortPoint_3_Right,108,143,False,8.344,19.220
20,402,SortPoint_11_Right,394,429,SortPoint_11_Right,394,429,True,8.779,23.800
21,489,SortPoint_13_Right,465,500,SortPoint_13_Right,465,500,True,9.215,25.320
22,943,SortPoint_26_Left,930,964,SortPoint_26_Left,930,964,True,9.646,32.800
23,809,SortPoint_22_Left,787,821,SortPoint_22_Left,787,821,True,10.078,31.380
24,248,SortPoint_6_Left,215,250,SortPoint_6_Left,215,250,True,10.506,23.360
25,112,SortPoint_3_Right,108,143,SortPoint_3_Right,108,143,True,10.945,71.920
26,218,SortPoint_6_Left,215,250,SortPoint_6_Left,215,250,True,11.385,25.600
27,845,SortPoint_23_Right,822,857,SortPoint_23_Right,822,857,True,11.814,33.640
28,752,SortPoint_21_Right,751,786,SortPoint_21_Right,751,786,True,12.238,31.600
29,311,SortPoint_8_Left,287,321,SortPoint_8_Left,287,321,True,12.679,86.580
30,932,SortPoint_26_Left,930,964,SortPoint_26_Left,930,964,True,13.087,38.740
31,115,SortPoint_3_Right,108,143,,,,,13.551,
32,717,SortPoint_20_Left,715,750,SortPoint_20_Left,715,750,True,13.991,34.080
33,623,SortPoint_17_Right,608,643,SortPoint_12_Left,430,464,False,14.421,31.400
34,532,SortPoint_14_Left,501,536,SortPoint_10_Left,358,393,False,14.852,32.420
35,162,SortPoint_4_Left,144,179,SortPoint_4_Left,144,179,True,15.280,30.780
36,822,SortPoint_23_Right,822,857,SortPoint_23_Right,822,857,True,15.716,36.840
37,973,SortPoint_27_Right,965,1000,SortPoint_27_Right,965,1000,True,16.152,39.460
38,395,SortPoint_11_Right,394,429,SortPoint_11_Right,394,429,True,16.592,32.600
39,522,SortPoint_14_Left,501,536,SortPoint_14_Left,501,536,True,17.016,35.820
40,299,SortPoint_8_Left,287,321,SortPoint_8_Left,287,321,True,17.427,127.540
41,704,SortPoint_19_Right,680,714,,,,,17.859,
42,668,SortPoint_18_Left,644,679,SortPoint_20_Left,715,750,False,18.317,39.060
43,470,SortPoint_13_Right,465,500,SortPoint_13_Right,465,500,True,18.772,36.840
44,413,SortPoint_11_Right,394,429,SortPoint_11_Right,394,429,True,19.208,37.300
45,44,SortPoint_1_Right,37,71,,,,,19.668,
46,99,SortPoint_2_Left,72,107,SortPoint_2_Left,72,107,True,20.135,34.340
47,266,SortPoint_7_Right,251,286,SortPoint_7_Right,251,286,True,20.589,35.580
48,950,SortPoint_26_Left,930,964,SortPoint_26_Left,930,964,True,21.018,45.960
49,14,SortPoint_0_Left,1,36,SortPoint_0_Left,1,36,True,21.431,38.180
50,10,SortPoint_0_Left,1,36,SortPoint_2_Left,72,107,False,21.853,35.840
51,627,SortPoint_17_Right,608,643,,,,,22.305,
52,632,SortPoint_17_Right,608,643,,,,,22.741,
53,664,SortPoint_18_Left,644,679,SortPoint_20_Left,715,750,False,23.195,44.120
54,17,SortPoint_0_Left,1,36,,,,,23.656,
55,163,SortPoint_4_Left,144,179,SortPoint_4_Left,144,179,True,24.073,40.120
56,196,SortPoint_5_Right,180,214,SortPoint_5_Right,180,214,True,24.504,40.340
57,288,SortPoint_8_Left,287,321,,,,,24.994,
58,22,SortPoint_0_Left,1,36,SortPoint_0_Left,1,36,True,25.443,38.880
59,715,SortPoint_20_Left,715,750,,,,,25.908,
60,833,SortPoint_23_Right,822,857,SortPoint_23_Right,822,857,True,26.375,50.020
61,755,SortPoint_21_Right,751,786,SortPoint_21_Right,751,786,True,26.840,49.960
62,521,SortPoint_14_Left,501,536,SortPoint_14_Left,501,536,True,27.296,47.860
63,113,SortPoint_3_Right,108,143,,,,,27.744,
64,64,SortPoint_1_Right,37,71,SortPoint_3_Right,108,143,False,28.217,43.320
65,484,SortPoint_13_Right,465,500,SortPoint_13_Right,465,500,True,28.691,107.560
66,101,SortPoint_2_Left,72,107,SortPoint_2_Left,72,107,True,29.170,44.620
67,71,SortPoint_1_Right,37,71,SortPoint_3_Right,108,143,False,29.657,44.600
68,323,SortPoint_9_Right,322,357,SortPoint_9_Right,322,357,True,30.121,48.240
69,158,SortPoint_4_Left,144,179,SortPoint_4_Left,144,179,True,30.580,48.780
70,494,SortPoint_13_Right,465,500,SortPoint_13_Right,465,500,True,31.046,50.820
71,837,SortPoint_23_Right,822,857,SortPoint_25_Right,894,929,False,31.483,55.580
72,997,SortPoint_27_Right,965,1000,SortPoint_27_Right,965,1000,True,31.940,59.720
73,463,SortPoint_12_Left,430,464,SortPoint_12_Left,430,464,True,32.353,54.220
74,754,SortPoint_21_Right,751,786,SortPoint_21_Right,751,786,True,32.784,55.840
75,370,SortPoint_10_Left,358,393,SortPoint_10_Left,358,393,True,33.247,50.620
76,151,SortPoint_4_Left,144,179,SortPoint_4_Left,144,179,True,33.696,52.860
77,651,SortPoint_18_Left,644,679,SortPoint_18_Left,644,679,True,34.150,58.220
78,702,SortPoint_19_Right,680,714,,,,,34.601,
79,571,SortPoint_15_Right,537,571,SortPoint_15_Right,537,571,True,35.038,58.040
80,344,SortPoint_9_Right,322,357,SortPoint_9_Right,322,357,True,35.504,94.880
81,116,SortPoint_3_Right,108,143,SortPoint_3_Right,108,143,True,35.916,71.940
82,499,SortPoint_13_Right,465,500,SortPoint_13_Right,465,500,True,36.351,78.780
83,728,SortPoint_20_Left,715,750,,,,,36.815,
84,28,SortPoint_0_Left,1,36,OverflowGaylord,,,False,37.275,64.920
85,514,SortPoint_14_Left,501,536,SortPoint_14_Left,501,536,True,37.724,57.820
86,119,SortPoint_3_Right,108,143,SortPoint_3_Right,108,143,True,38.189,53.960
87,891,SortPoint_24_Left,858,893,SortPoint_24_Left,858,893,True,38.627,66.380
88,817,SortPoint_22_Left,787,821,SortPoint_22_Left,787,821,True,39.089,70.200
89,164,SortPoint_4_Left,144,179,SortPoint_4_Left,144,179,True,39.513,60.280
90,531,SortPoint_14_Left,501,536,SortPoint_14_Left,501,536,True,39.940,61.360
91,907,SortPoint_25_Right,894,929,SortPoint_25_Right,894,929,True,40.409,116.340
92,359,SortPoint_10_Left,358,393,SortPoint_10_Left,358,393,True,40.864,58.580
93,332,SortPoint_9_Right,322,357,SortPoint_9_Right,322,357,True,41.325,62.860
94,252,SortPoint_7_Right,251,286,SortPoint_7_Right,251,286,True,41.790,59.220
95,95,SortPoint_2_Left,72,107,,,,,42.247,
96,272,SortPoint_7_Right,251,286,SortPoint_7_Right,251,286,True,42.716,61.320
97,845,SortPoint_23_Right,822,857,,,,,43.172,
98,407,SortPoint_11_Right,394,429,SortPoint_11_Right,394,429,True,43.622,65.600
99,525,SortPoint_14_Left,501,536,SortPoint_16_Left,572,607,False,44.099,69.460
100,605,SortPoint_16_Left,572,607,SortPoint_12_Left,430,464,False,44.539,66.520
101,954,SortPoint_26_Left,930,964,SortPoint_26_Left,930,964,True,45.006,70.440
102,162,SortPoint_4_Left,144,179,SortPoint_4_Left,144,179,True,45.428,72.540
103,537,SortPoint_15_Right,537,571,SortPoint_15_Right,537,571,True,45.857,68.060
104,93,SortPoint_2_Left,72,107,SortPoint_2_Left,72,107,True,46.334,81.880
105,409,SortPoint_11_Right,394,429,SortPoint_11_Right,394,429,True,46.795,68.380
106,550,SortPoint_15_Right,537,571,,,,,47.259,
107,761,SortPoint_21_Right,751,786,SortPoint_21_Right,751,786,True,47.733,75.360
108,68,SortPoint_1_Right,37,71,SortPoint_3_Right,108,143,False,48.210,67.360
109,165,SortPoint_4_Left,144,179,SortPoint_4_Left,144,179,True,48.673,72.620
110,289,SortPoint_8_Left,287,321,SortPoint_6_Left,215,250,False,49.145,72.120
111,333,SortPoint_9_Right,322,357,SortPoint_9_Right,322,357,True,49.588,68.440
112,721,SortPoint_20_Left,715,750,SortPoint_20_Left,715,750,True,50.071,206.820
113,837,SortPoint_23_Right,822,857,SortPoint_23_Right,822,857,True,50.498,78.680
114,421,SortPoint_11_Right,394,429,SortPoint_11_Right,394,429,True,50.941,70.160
115,244,SortPoint_6_Left,215,250,SortPoint_6_Left,215,250,True,51.419,66.700
116,508,SortPoint_14_Left,501,536,SortPoint_14_Left,501,536,True,51.887,230.820
117,200,SortPoint_5_Right,180,214,SortPoint_5_Right,180,214,True,52.355,69.480
118,123,SortPoint_3_Right,108,143,SortPoint_3_Right,108,143,True,52.808,71.220
119,226,SortPoint_6_Left,215,250,,,,,53.281,
120,488,SortPoint_13_Right,465,500,SortPoint_13_Right,465,500,True,53.720,108.100
121,549,SortPoint_15_Right,537,571,SortPoint_15_Right,537,571,True,54.198,78.400
122,778,SortPoint_21_Right,751,786,SortPoint_21_Right,751,786,True,54.629,81.560
123,836,SortPoint_23_Right,822,857,SortPoint_15_Right,537,571,False,55.042,82.000
124,110,SortPoint_3_Right,108,143,,,,,55.491,
125,338,SortPoint_9_Right,322,357,,,,,55.947,
126,559,SortPoint_15_Right,537,571,SortPoint_15_Right,537,571,True,56.365,79.680
127,770,SortPoint_21_Right,751,786,,,,,56.882,
128,687,SortPoint_19_Right,680,714,,,,,57.361,
129,745,SortPoint_20_Left,715,750,,,,,57.793,
130,370,SortPoint_10_Left,358,393,SortPoint_10_Left,358,393,True,58.240,82.460
131,137,SortPoint_3_Right,108,143,,,,,58.706,
132,37,SortPoint_1_Right,37,71,,,,,59.175,
133,656,SortPoint_18_Left,644,679,SortPoint_18_Left,644,679,True,59.579,92.120
134,835,SortPoint_23_Right,822,857,SortPoint_15_Right,537,571,False,60.020,80.840
135,816,SortPoint_22_Left,787,821,,,,,60.509,
136,187,SortPoint_5_Right,180,214,SortPoint_5_Right,180,214,True,60.976,108.060
137,948,SortPoint_26_Left,930,964,,,,,61.449,
138,50,SortPoint_1_Right,37,71,SortPoint_3_Right,108,143,False,61.928,77.660
139,227,SortPoint_6_Left,215,250,,,,,62.404,
140,88,SortPoint_2_Left,72,107,,,,,62.874,
141,699,SortPoint_19_Right,680,714,,,,,63.322,
142,829,SortPoint_23_Right,822,857,,,,,63.752,
143,169,SortPoint_4_Left,144,179,,,,,64.195,
144,905,SortPoint_25_Right,894,929,SortPoint_25_Right,894,929,True,64.683,93.660
145,33,SortPoint_0_Left,1,36,,,,,65.162,
146,308,SortPoint_8_Left,287,321,SortPoint_8_Left,287,321,True,65.645,84.160
147,678,SortPoint_18_Left,644,679,SortPoint_18_Left,644,679,True,66.116,92.180
148,1000,SortPoint_27_Right,965,1000,,,,,66.591,
149,317,SortPoint_8_Left,287,321,SortPoint_8_Left,287,321,True,67.045,86.860
150,311,SortPoint_8_Left,287,321,SortPoint_8_Left,287,321,True,67.524,88.940
151,9,SortPoint_0_Left,1,36,SortPoint_7_Right,251,286,False,67.956,90.840
152,852,SortPoint_23_Right,822,857,SortPoint_20_Left,715,750,False,68.400,94.780
153,616,SortPoint_17_Right,608,643,,,,,68.891,
154,563,SortPoint_15_Right,537,571,,,,,69.360,
155,17,SortPoint_0_Left,1,36,SortPoint_2_Left,72,107,False,69.837,86.280
156,838,SortPoint_23_Right,822,857,,,,,70.325,
157,749,SortPoint_20_Left,715,750,SortPoint_20_Left,715,750,True,70.821,133.720
158,70,SortPoint_1_Right,37,71,SortPoint_1_Right,37,71,True,71.314,99.300
159,158,SortPoint_4_Left,144,179,,,,,71.809,
160,332,SortPoint_9_Right,322,357,,,,,72.289,
161,262,SortPoint_7_Right,251,286,,,,,72.742,
162,503,SortPoint_14_Left,501,536,SortPoint_14_Left,501,536,True,73.226,103.640
163,334,SortPoint_9_Right,322,357,SortPoint_9_Right,322,357,True,73.708,95.060
164,758,SortPoint_21_Right,751,786,,,,,74.144,
165,990,SortPoint_27_Right,965,1000,SortPoint_27_Right,965,1000,True,74.590,108.120
166,363,SortPoint_10_Left,358,393,SortPoint_10_Left,358,393,True,75.081,93.860
167,13,SortPoint_0_Left,1,36,,,,,75.561,
168,691,SortPoint_19_Right,680,714,SortPoint_19_Right,680,714,True,76.039,103.220
169,343,SortPoint_9_Right,322,357,SortPoint_9_Right,322,357,True,76.493,181.580
170,941,SortPoint_26_Left,930,964,,,,,76.980,
171,776,SortPoint_21_Right,751,786,SortPoint_21_Right,751,786,True,77.423,105.600
172,937,SortPoint_26_Left,930,964,,,,,77.871,
173,646,SortPoint_18_Left,644,679,SortPoint_18_Left,644,679,True,78.357,98.300
174,342,SortPoint_9_Right,322,357,SortPoint_9_Right,322,357,True,78.846,95.420
175,142,SortPoint_3_Right,108,143,,,,,79.355,
176,156,SortPoint_4_Left,144,179,SortPoint_4_Left,144,179,True,79.855,102.200
177,423,SortPoint_11_Right,394,429,,,,,80.347,
178,555,SortPoint_15_Right,537,571,SortPoint_15_Right,537,571,True,80.756,106.000
179,894,SortPoint_25_Right,894,929,SortPoint_25_Right,894,929,True,81.208,109.700
180,245,SortPoint_6_Left,215,250,SortPoint_6_Left,215,250,True,81.708,104.820
181,973,SortPoint_27_Right,965,1000,,,,,82.186,
182,493,SortPoint_13_Right,465,500,,,,,82.668,
183,188,SortPoint_5_Right,180,214,SortPoint_5_Right,180,214,True,83.076,105.820
184,473,SortPoint_13_Right,465,500,SortPoint_13_Right,465,500,True,83.594,108.280
185,330,SortPoint_9_Right,322,357,SortPoint_9_Right,322,357,True,84.013,181.640
186,108,SortPoint_3_Right,108,143,,,,,84.495,
187,99,SortPoint_2_Left,72,107,,,,,85.001,
188,704,SortPoint_19_Right,680,714,,,,,85.490,
189,378,SortPoint_10_Left,358,393,,,,,85.950,
190,19,SortPoint_0_Left,1,36,,,,,86.442,
191,284,SortPoint_7_Right,251,286,,,,,86.887,
192,985,SortPoint_27_Right,965,1000,,,,,87.343,
193,209,SortPoint_5_Right,180,214,SortPoint_5_Right,180,214,True,87.841,144.280
194,232,SortPoint_6_Left,215,250,SortPoint_6_Left,215,250,True,88.327,114.500
195,903,SortPoint_25_Right,894,929,SortPoint_25_Right,894,929,True,88.812,116.200
196,284,SortPoint_7_Right,251,286,,,,,89.273,
197,303,SortPoint_8_Left,287,321,SortPoint_8_Left,287,321,True,89.772,127.480
198,525,SortPoint_14_Left,501,536,SortPoint_14_Left,501,536,True,90.268,117.940
199,225,SortPoint_6_Left,215,250,,,,,90.713,
200,814,SortPoint_22_Left,787,821,SortPoint_22_Left,787,821,True,91.246,122.500
201,255,SortPoint_7_Right,251,286,SortPoint_7_Right,251,286,True,91.694,204.540
202,257,SortPoint_7_Right,251,286,SortPoint_7_Right,251,286,True,92.094,110.340
203,767,SortPoint_21_Right,751,786,SortPoint_21_Right,751,786,True,92.533,123.720
204,826,SortPoint_23_Right,822,857,SortPoint_23_Right,822,857,True,92.983,121.020
205,412,SortPoint_11_Right,394,429,,,,,93.438,
206,914,SortPoint_25_Right,894,929,,,,,93.929,
207,612,SortPoint_17_Right,608,643,SortPoint_17_Right,608,643,True,94.422,121.400
208,63,SortPoint_1_Right,37,71,,,,,94.909,
209,775,SortPoint_21_Right,751,786,,,,,95.328,
210,842,SortPoint_23_Right,822,857,,,,,95.852,
211,894,SortPoint_25_Right,894,929,SortPoint_25_Right,894,929,True,96.276,150.700
212,168,SortPoint_4_Left,144,179,,,,,96.773,
213,816,SortPoint_22_Left,787,821,,,,,97.269,
214,493,SortPoint_13_Right,465,500,,,,,97.757,
215,187,SortPoint_5_Right,180,214,SortPoint_5_Right,180,214,True,98.251,120.220
216,391,SortPoint_10_Left,358,393,SortPoint_10_Left,358,393,True,98.740,120.360
217,954,SortPoint_26_Left,930,964,SortPoint_26_Left,930,964,True,99.210,230.160
218,121,SortPoint_3_Right,108,143,SortPoint_3_Right,108,143,True,99.662,123.660
219,804,SortPoint_22_Left,787,821,SortPoint_22_Left,787,821,True,100.122,136.100
220,555,SortPoint_15_Right,537,571,SortPoint_15_Right,537,571,True,100.618,128.240
221,955,SortPoint_26_Left,930,964,,,,,101.089,
222,491,SortPoint_13_Right,465,500,,,,,101.583,
223,473,SortPoint_13_Right,465,500,SortPoint_15_Right,537,571,False,102.036,228.220
224,142,SortPoint_3_Right,108,143,,,,,102.497,
225,324,SortPoint_9_Right,322,357,,,,,102.901,
226,318,SortPoint_8_Left,287,321,,,,,103.334,
227,169,SortPoint_4_Left,144,179,,,,,103.795,
228,48,SortPoint_1_Right,37,71,,,,,104.195,
229,627,SortPoint_17_Right,608,643,SortPoint_17_Right,608,643,True,104.631,126.460
230,113,SortPoint_3_Right,108,143,,,,,105.032,
231,831,SortPoint_23_Right,822,857,SortPoint_23_Right,822,857,True,105.474,140.900
232,315,SortPoint_8_Left,287,321,SortPoint_8_Left,287,321,True,105.972,125.140
233,724,SortPoint_20_Left,715,750,SortPoint_20_Left,715,750,True,106.473,133.460
234,727,SortPoint_20_Left,715,750,SortPoint_20_Left,715,750,True,106.928,144.220
235,314,SortPoint_8_Left,287,321,,,,,107.457,
236,369,SortPoint_10_Left,358,393,SortPoint_10_Left,358,393,True,107.878,139.200
237,858,SortPoint_24_Left,858,893,SortPoint_24_Left,858,893,True,108.375,138.360
238,938,SortPoint_26_Left,930,964,SortPoint_26_Left,930,964,True,108.872,142.180
239,175,SortPoint_4_Left,144,179,,,,,109.298,
240,892,SortPoint_24_Left,858,893,,,,,109.752,
241,122,SortPoint_3_Right,108,143,,,,,110.251,
242,129,SortPoint_3_Right,108,143,,,,,110.654,
243,745,SortPoint_20_Left,715,750,,,,,111.141,
244,875,SortPoint_24_Left,858,893,SortPoint_24_Left,858,893,True,111.595,140.580
245,345,SortPoint_9_Right,322,357,,,,,111.998,
246,816,SortPoint_22_Left,787,821,SortPoint_22_Left,787,821,True,112.439,141.360
247,228,SortPoint_6_Left,215,250,,,,,112.894,
248,717,SortPoint_20_Left,715,750,SortPoint_22_Left,787,821,False,113.297,148.340
249,978,SortPoint_27_Right,965,1000,SortPoint_27_Right,965,1000,True,113.759,149.520
250,619,SortPoint_17_Right,608,643,,,,,114.239,
251,785,SortPoint_21_Right,751,786,SortPoint_23_Right,822,857,False,114.746,250.140
252,129,SortPoint_3_Right,108,143,,,,,115.276,
253,16,SortPoint_0_Left,1,36,,,,,115.768,
254,73,SortPoint_2_Left,72,107,,,,,116.221,
255,834,SortPoint_23_Right,822,857,,,,,116.623,
256,247,SortPoint_6_Left,215,250,SortPoint_6_Left,215,250,True,117.070,145.540
257,903,SortPoint_25_Right,894,929,SortPoint_25_Right,894,929,True,117.568,150.580
258,118,SortPoint_3_Right,108,143,,,,,118.026,
259,297,SortPoint_8_Left,287,321,,,,,118.484,
260,882,SortPoint_24_Left,858,893,,,,,118.887,
261,108,SortPoint_3_Right,108,143,,,,,119.323,
262,572,SortPoint_16_Left,572,607,,,,,119.739,
263,828,SortPoint_23_Right,822,857,SortPoint_23_Right,822,857,True,120.196,198.420
264,360,SortPoint_10_Left,358,393,SortPoint_10_Left,358,393,True,120.659,151.860
265,272,SortPoint_7_Right,251,286,,,,,121.063,
266,688,SortPoint_19_Right,680,714,,,,,121.506,
267,803,SortPoint_22_Left,787,821,,,,,121.965,
268,768,SortPoint_21_Right,751,786,,,,,122.366,
269,283,SortPoint_7_Right,251,286,,,,,122.808,
270,279,SortPoint_7_Right,251,286,,,,,123.268,
271,389,SortPoint_10_Left,358,393,,,,,123.675,
272,529,SortPoint_14_Left,501,536,,,,,124.138,
273,483,SortPoint_13_Right,465,500,,,,,124.623,
274,204,SortPoint_5_Right,180,214,,,,,125.128,
275,543,SortPoint_15_Right,537,571,,,,,125.633,
276,677,SortPoint_18_Left,644,679,SortPoint_18_Left,644,679,True,126.141,200.820
277,858,SortPoint_24_Left,858,893,SortPoint_24_Left,858,893,True,126.645,166.360
278,859,SortPoint_24_Left,858,893,,,,,127.154,
279,57,SortPoint_1_Right,37,71,,,,,127.658,
280,212,SortPoint_5_Right,180,214,SortPoint_5_Right,180,214,True,128.124,159.500
281,211,SortPoint_5_Right,180,214,,,,,128.530,
282,995,SortPoint_27_Right,965,1000,,,,,128.993,
283,74,SortPoint_2_Left,72,107,,,,,129.398,
284,588,SortPoint_16_Left,572,607,,,,,129.903,
285,170,SortPoint_4_Left,144,179,,,,,130.388,
286,891,SortPoint_24_Left,858,893,,,,,130.895,
287,215,SortPoint_6_Left,215,250,SortPoint_6_Left,215,250,True,131.360,154.860
288,852,SortPoint_23_Right,822,857,SortPoint_23_Right,822,857,True,131.764,170.780
289,81,SortPoint_2_Left,72,107,,,,,132.218,
290,466,SortPoint_13_Right,465,500,,,,,132.678,
291,370,SortPoint_10_Left,358,393,,,,,133.085,
292,935,SortPoint_26_Left,930,964,SortPoint_26_Left,930,964,True,133.536,230.080
293,425,SortPoint_11_Right,394,429,,,,,134.001,
294,501,SortPoint_14_Left,501,536,SortPoint_14_Left,501,536,True,134.412,163.960
295,144,SortPoint_4_Left,144,179,SortPoint_4_Left,144,179,True,134.866,161.300
296,727,SortPoint_20_Left,715,750,,,,,135.272,
297,618,SortPoint_17_Right,608,643,,,,,135.684,
298,467,SortPoint_13_Right,465,500,,,,,136.178,
299,846,SortPoint_23_Right,822,857,,,,,136.694,
300,857,SortPoint_23_Right,822,857,,,,,137.159,
301,524,SortPoint_14_Left,501,536,SortPoint_14_Left,501,536,True,137.566,176.880
302,359,SortPoint_10_Left,358,393,,,,,138.017,
303,195,SortPoint_5_Right,180,214,SortPoint_5_Right,180,214,True,138.480,186.040
304,717,SortPoint_20_Left,715,750,,,,,138.889,
305,818,SortPoint_22_Left,787,821,,,,,139.291,
306,835,SortPoint_23_Right,822,857,,,,,139.724,
307,78,SortPoint_2_Left,72,107,SortPoint_14_Left,501,536,False,140.194,177.120
308,13,SortPoint_0_Left,1,36,SortPoint_13_Right,465,500,False,140.686,172.960
309,578,SortPoint_16_Left,572,607,SortPoint_12_Left,430,464,False,141.178,170.500
310,272,SortPoint_7_Right,251,286,SortPoint_7_Right,251,286,True,141.598,164.100
311,370,SortPoint_10_Left,358,393,,,,,142.127,
312,732,SortPoint_20_Left,715,750,,,,,142.688,
313,137,SortPoint_3_Right,108,143,,,,,143.246,
314,367,SortPoint_10_Left,358,393,SortPoint_10_Left,358,393,True,143.698,169.520
315,286,SortPoint_7_Right,251,286,,,,,144.149,
316,214,SortPoint_5_Right,180,214,SortPoint_5_Right,180,214,True,144.680,176.500
317,315,SortPoint_8_Left,287,321,SortPoint_8_Left,287,321,True,145.112,175.080
318,565,SortPoint_15_Right,537,571,,,,,145.535,
319,862,SortPoint_24_Left,858,893,SortPoint_24_Left,858,893,True,145.979,183.140
320,767,SortPoint_21_Right,751,786,,,,,146.522,
321,663,SortPoint_18_Left,644,679,SortPoint_18_Left,644,679,True,146.932,217.980
322,218,SortPoint_6_Left,215,250,,,,,147.355,
323,773,SortPoint_21_Right,751,786,SortPoint_19_Right,680,714,False,147.814,181.780
324,146,SortPoint_4_Left,144,179,,,,,148.259,
325,269,SortPoint_7_Right,251,286,,,,,148.703,
326,442,SortPoint_12_Left,430,464,SortPoint_12_Left,430,464,True,149.104,173.880
327,446,SortPoint_12_Left,430,464,,,,,149.516,
328,270,SortPoint_7_Right,251,286,,,,,149.969,
329,788,SortPoint_22_Left,787,821,,,,,150.478,
330,424,SortPoint_11_Right,394,429,,,,,151.008,
331,897,SortPoint_25_Right,894,929,,,,,151.479,
332,716,SortPoint_20_Left,715,750,,,,,151.892,
333,788,SortPoint_22_Left,787,821,,,,,152.420,
334,511,SortPoint_14_Left,501,536,,,,,152.901,
335,884,SortPoint_24_Left,858,893,SortPoint_24_Left,858,893,True,153.324,177.080
336,615,SortPoint_17_Right,608,643,,,,,153.799,
337,998,SortPoint_27_Right,965,1000,,,,,154.328,
338,730,SortPoint_20_Left,715,750,SortPoint_17_Right,608,643,False,154.809,250.840
339,446,SortPoint_12_Left,430,464,,,,,155.233,
340,269,SortPoint_7_Right,251,286,,,,,155.659,
341,679,SortPoint_18_Left,644,679,,,,,156.077,
342,333,SortPoint_9_Right,322,357,SortPoint_9_Right,322,357,True,156.570,182.060
343,463,SortPoint_12_Left,430,464,,,,,156.984,
344,530,SortPoint_14_Left,501,536,,,,,157.496,
345,687,SortPoint_19_Right,680,714,,,,,158.044,
346,686,SortPoint_19_Right,680,714,SortPoint_19_Right,680,714,True,158.569,194.420
347,944,SortPoint_26_Left,930,964,,,,,159.053,
348,993,SortPoint_27_Right,965,1000,,,,,159.477,
349,412,SortPoint_11_Right,394,429,,,,,159.948,
350,146,SortPoint_4_Left,144,179,,,,,160.434,
351,783,SortPoint_21_Right,751,786,,,,,160.854,
352,823,SortPoint_23_Right,822,857,,,,,161.277,
353,768,SortPoint_21_Right,751,786,,,,,161.704,
354,391,SortPoint_10_Left,358,393,,,,,162.181,
355,710,SortPoint_19_Right,680,714,SortPoint_19_Right,680,714,True,162.663,226.020
356,899,SortPoint_25_Right,894,929,SortPoint_25_Right,894,929,True,163.088,215.180
357,552,SortPoint_15_Right,537,571,,,,,163.555,
358,341,SortPoint_9_Right,322,357,,,,,164.043,
359,778,SortPoint_21_Right,751,786,SortPoint_21_Right,751,786,True,164.466,199.880
360,457,SortPoint_12_Left,430,464,SortPoint_12_Left,430,464,True,164.938,188.460
361,490,SortPoint_13_Right,465,500,,,,,165.420,
362,202,SortPoint_5_Right,180,214,SortPoint_5_Right,180,214,True,165.845,186.640
363,24,SortPoint_0_Left,1,36,,,,,166.314,
364,25,SortPoint_0_Left,1,36,,,,,166.809,
365,689,SortPoint_19_Right,680,714,,,,,167.240,
366,961,SortPoint_26_Left,930,964,,,,,167.708,
367,999,SortPoint_27_Right,965,1000,,,,,168.190,
368,431,SortPoint_12_Left,430,464,,,,,168.615,
369,624,SortPoint_17_Right,608,643,,,,,169.092,
370,933,SortPoint_26_Left,930,964,,,,,169.620,
371,758,SortPoint_21_Right,751,786,,,,,170.170,
372,991,SortPoint_27_Right,965,1000,SortPoint_18_Left,644,679,False,170.653,201.100
373,43,SortPoint_1_Right,37,71,,,,,171.091,
374,533,SortPoint_14_Left,501,536,,,,,171.568,
375,990,SortPoint_27_Right,965,1000,SortPoint_27_Right,965,1000,True,172.054,201.980
376,469,SortPoint_13_Right,465,500,,,,,172.475,
377,161,SortPoint_4_Left,144,179,,,,,172.900,
378,860,SortPoint_24_Left,858,893,,,,,173.323,
379,729,SortPoint_20_Left,715,750,,,,,173.743,
380,713,SortPoint_19_Right,680,714,,,,,174.163,
381,284,SortPoint_7_Right,251,286,,,,,174.588,
382,448,SortPoint_12_Left,430,464,,,,,175.043,
383,488,SortPoint_13_Right,465,500,SortPoint_15_Right,537,571,False,175.502,209.760
384,790,SortPoint_22_Left,787,821,,,,,175.997,
385,444,SortPoint_12_Left,430,464,,,,,176.413,
386,915,SortPoint_25_Right,894,929,,,,,176.900,
387,62,SortPoint_1_Right,37,71,SortPoint_12_Left,430,464,False,177.324,206.080
388,455,SortPoint_12_Left,430,464,SortPoint_12_Left,430,464,True,177.743,207.360
389,318,SortPoint_8_Left,287,321,,,,,178.164,
390,772,SortPoint_21_Right,751,786,SortPoint_21_Right,751,786,True,178.588,211.380
391,753,SortPoint_21_Right,751,786,,,,,179.056,
392,257,SortPoint_7_Right,251,286,SortPoint_7_Right,251,286,True,179.542,216.440
393,518,SortPoint_14_Left,501,536,,,,,179.971,
394,102,SortPoint_2_Left,72,107,SortPoint_2_Left,72,107,True,180.457,197.100
395,706,SortPoint_19_Right,680,714,,,,,180.936,
396,819,SortPoint_22_Left,787,821,,,,,181.367,
397,724,SortPoint_20_Left,715,750,SortPoint_20_Left,715,750,True,181.870,214.780
398,402,SortPoint_11_Right,394,429,,,,,182.280,
399,604,SortPoint_16_Left,572,607,SortPoint_18_Left,644,679,False,182.706,217.760
400,858,SortPoint_24_Left,858,893,,,,,183.121,
401,857,SortPoint_23_Right,822,857,SortPoint_23_Right,822,857,True,183.602,214.840
402,257,SortPoint_7_Right,251,286,SortPoint_7_Right,251,286,True,184.026,202.520
403,195,SortPoint_5_Right,180,214,SortPoint_5_Right,180,214,True,184.494,209.780
404,158,SortPoint_4_Left,144,179,,,,,184.971,
405,583,SortPoint_16_Left,572,607,,,,,185.390,
406,219,SortPoint_6_Left,215,250,,,,,185.857,
407,642,SortPoint_17_Right,608,643,,,,,186.390,
408,288,SortPoint_8_Left,287,321,,,,,186.919,
409,694,SortPoint_19_Right,680,714,SortPoint_19_Right,680,714,True,187.404,220.540
410,312,SortPoint_8_Left,287,321,,,,,187.831,
411,915,SortPoint_25_Right,894,929,,,,,188.301,
412,114,SortPoint_3_Right,108,143,,,,,188.779,
413,423,SortPoint_11_Right,394,429,,,,,189.202,
414,926,SortPoint_25_Right,894,929,SortPoint_25_Right,894,929,True,189.621,221.120
415,724,SortPoint_20_Left,715,750,,,,,190.049,
416,444,SortPoint_12_Left,430,464,SortPoint_12_Left,430,464,True,190.531,220.920
417,217,SortPoint_6_Left,215,250,,,,,190.938,
418,973,SortPoint_27_Right,965,1000,,,,,191.455,
419,375,SortPoint_10_Left,358,393,,,,,191.994,
420,952,SortPoint_26_Left,930,964,,,,,192.514,
421,868,SortPoint_24_Left,858,893,,,,,192.994,
422,439,SortPoint_12_Left,430,464,,,,,193.421,
423,81,SortPoint_2_Left,72,107,,,,,193.906,
424,94,SortPoint_2_Left,72,107,,,,,194.317,
425,478,SortPoint_13_Right,465,500,,,,,194.854,
426,183,SortPoint_5_Right,180,214,,,,,195.374,
427,854,SortPoint_23_Right,822,857,SortPoint_23_Right,822,857,True,195.897,233.540
428,537,SortPoint_15_Right,537,571,,,,,196.428,
429,528,SortPoint_14_Left,501,536,,,,,196.907,
430,130,SortPoint_3_Right,108,143,,,,,197.334,
431,248,SortPoint_6_Left,215,250,SortPoint_6_Left,215,250,True,197.813,221.160
432,944,SortPoint_26_Left,930,964,,,,,198.315,
433,674,SortPoint_18_Left,644,679,,,,,198.813,
434,883,SortPoint_24_Left,858,893,SortPoint_24_Left,858,893,True,199.356,228.040
435,246,SortPoint_6_Left,215,250,,,,,199.861,
436,864,SortPoint_24_Left,858,893,SortPoint_24_Left,858,893,True,200.298,238.060
437,992,SortPoint_27_Right,965,1000,,,,,200.730,
438,933,SortPoint_26_Left,930,964,SortPoint_13_Right,465,500,False,201.155,229.560
439,30,SortPoint_0_Left,1,36,SortPoint_0_Left,1,36,True,201.639,223.780
440,284,SortPoint_7_Right,251,286,,,,,202.180,
441,779,SortPoint_21_Right,751,786,,,,,202.736,
442,290,SortPoint_8_Left,287,321,,,,,203.235,
443,591,SortPoint_16_Left,572,607,,,,,203.662,
444,920,SortPoint_25_Right,894,929,,,,,204.124,
445,481,SortPoint_13_Right,465,500,,,,,204.621,
446,433,SortPoint_12_Left,430,464,SortPoint_12_Left,430,464,True,205.050,233.260
447,501,SortPoint_14_Left,501,536,,,,,205.499,
448,619,SortPoint_17_Right,608,643,,,,,206.033,
449,878,SortPoint_24_Left,858,893,SortPoint_24_Left,858,893,True,206.563,236.300
450,699,SortPoint_19_Right,680,714,SortPoint_19_Right,680,714,True,207.046,240.860
451,452,SortPoint_12_Left,430,464,,,,,207.481,
452,161,SortPoint_4_Left,144,179,,,,,207.893,
453,50,SortPoint_1_Right,37,71,SortPoint_8_Left,287,321,False,208.310,232.300
454,142,SortPoint_3_Right,108,143,,,,,208.724,
455,432,SortPoint_12_Left,430,464,,,,,209.188,
456,312,SortPoint_8_Left,287,321,SortPoint_8_Left,287,321,True,209.682,238.820
457,664,SortPoint_18_Left,644,679,,,,,210.109,
458,266,SortPoint_7_Right,251,286,,,,,210.593,
459,77,SortPoint_2_Left,72,107,SortPoint_2_Left,72,107,True,210.998,234.460
460,814,SortPoint_22_Left,787,821,,,,,211.517,
461,382,SortPoint_10_Left,358,393,,,,,211.997,
462,372,SortPoint_10_Left,358,393,,,,,212.422,
463,792,SortPoint_22_Left,787,821,,,,,212.888,
464,353,SortPoint_9_Right,322,357,,,,,213.368,
465,525,SortPoint_14_Left,501,536,,,,,213.797,
466,123,SortPoint_3_Right,108,143,,,,,214.207,
467,845,SortPoint_23_Right,822,857,,,,,214.626,
468,468,SortPoint_13_Right,465,500,,,,,215.092,
469,925,SortPoint_25_Right,894,929,SortPoint_25_Right,894,929,True,215.615,252.260
470,74,SortPoint_2_Left,72,107,,,,,216.143,
471,924,SortPoint_25_Right,894,929,,,,,216.624,
472,995,SortPoint_27_Right,965,1000,SortPoint_27_Right,965,1000,True,217.052,249.140
473,14,SortPoint_0_Left,1,36,,,,,217.516,
474,880,SortPoint_24_Left,858,893,,,,,218.006,
475,565,SortPoint_15_Right,537,571,,,,,218.425,
476,497,SortPoint_13_Right,465,500,,,,,218.892,
477,533,SortPoint_14_Left,501,536,,,,,219.370,
478,270,SortPoint_7_Right,251,286,,,,,219.793,
479,841,SortPoint_23_Right,822,857,,,,,220.278,
480,534,SortPoint_14_Left,501,536,,,,,220.738,
481,657,SortPoint_18_Left,644,679,,,,,221.197,
482,472,SortPoint_13_Right,465,500,,,,,221.674,
483,857,SortPoint_23_Right,822,857,,,,,222.098,
484,351,SortPoint_9_Right,322,357,,,,,222.558,
485,523,SortPoint_14_Left,501,536,,,,,223.086,
486,506,SortPoint_14_Left,501,536,,,,,223.605,
487,537,SortPoint_15_Right,537,571,SortPoint_17_Right,608,643,False,224.076,250.640
488,778,SortPoint_21_Right,751,786,,,,,224.500,
489,83,SortPoint_2_Left,72,107,,,,,224.963,
490,371,SortPoint_10_Left,358,393,,,,,225.486,
491,984,SortPoint_27_Right,965,1000,,,,,225.958,
492,104,SortPoint_2_Left,72,107,,,,,226.380,
493,112,SortPoint_3_Right,108,143,,,,,226.853,
494,141,SortPoint_3_Right,108,143,,,,,227.333,
495,584,SortPoint_16_Left,572,607,,,,,227.754,
496,867,SortPoint_24_Left,858,893,,,,,228.217,
497,368,SortPoint_10_Left,358,393,,,,,228.690,
498,123,SortPoint_3_Right,108,143,,,,,229.109,
499,423,SortPoint_11_Right,394,429,,,,,229.571,
500,154,SortPoint_4_Left,144,179,,,,,230.090,
501,462,SortPoint_12_Left,430,464,,,,,230.617,
502,404,SortPoint_11_Right,394,429,,,,,231.091,
503,715,SortPoint_20_Left,715,750,,,,,231.517,
504,470,SortPoint_13_Right,465,500,,,,,231.987,
505,786,SortPoint_21_Right,751,786,,,,,232.515,
506,54,SortPoint_1_Right,37,71,,,,,233.033,
507,671,SortPoint_18_Left,644,679,,,,,233.505,
508,837,SortPoint_23_Right,822,857,,,,,233.922,
509,923,SortPoint_25_Right,894,929,,,,,234.385,
510,799,SortPoint_22_Left,787,821,,,,,234.878,
511,745,SortPoint_20_Left,715,750,,,,,235.380,
512,768,SortPoint_21_Right,751,786,,,,,235.868,
513,689,SortPoint_19_Right,680,714,,,,,236.283,
514,137,SortPoint_3_Right,108,143,,,,,236.765,
515,375,SortPoint_10_Left,358,393,,,,,237.169,
516,920,SortPoint_25_Right,894,929,,,,,237.586,
517,653,SortPoint_18_Left,644,679,,,,,238.022,
518,627,SortPoint_17_Right,608,643,,,,,238.430,
519,344,SortPoint_9_Right,322,357,,,,,238.935,
520,304,SortPoint_8_Left,287,321,,,,,239.415,
521,391,SortPoint_10_Left,358,393,,,,,239.816,
522,245,SortPoint_6_Left,215,250,,,,,240.236,
523,599,SortPoint_16_Left,572,607,,,,,240.675,
524,609,SortPoint_17_Right,608,643,,,,,241.117,
525,363,SortPoint_10_Left,358,393,,,,,241.615,
526,633,SortPoint_17_Right,608,643,,,,,242.084,
527,602,SortPoint_16_Left,572,607,,,,,242.509,
528,261,SortPoint_7_Right,251,286,,,,,242.922,
529,844,SortPoint_23_Right,822,857,,,,,243.357,
530,283,SortPoint_7_Right,251,286,,,,,243.828,
531,304,SortPoint_8_Left,287,321,,,,,244.249,
532,144,SortPoint_4_Left,144,179,,,,,244.695,
533,424,SortPoint_11_Right,394,429,,,,,245.143,
534,873,SortPoint_24_Left,858,893,,,,,245.696,
535,469,SortPoint_13_Right,465,500,,,,,246.173,
536,571,SortPoint_15_Right,537,571,,,,,246.842,
537,477,SortPoint_13_Right,465,500,,,,,247.317,
538,298,SortPoint_8_Left,287,321,,,,,247.745,
539,333,SortPoint_9_Right,322,357,,,,,248.261,
540,955,SortPoint_26_Left,930,964,,,,,248.684,
541,536,SortPoint_14_Left,501,536,,,,,249.144,
542,190,SortPoint_5_Right,180,214,,,,,249.563,
543,478,SortPoint_13_Right,465,500,,,,,249.993,
544,909,SortPoint_25_Right,894,929,,,,,250.463,
545,780,SortPoint_21_Right,751,786,,,,,250.927,
546,961,SortPoint_26_Left,930,964,,,,,251.409,
547,610,SortPoint_17_Right,608,643,,,,,251.838,
548,838,SortPoint_23_Right,822,857,,,,,252.276,
549,632,SortPoint_17_Right,608,643,,,,,252.707,
550,689,SortPoint_19_Right,680,714,,,,,253.200,
551,297,SortPoint_8_Left,287,321,,,,,253.677,
552,304,SortPoint_8_Left,287,321,,,,,254.099,
553,151,SortPoint_4_Left,144,179,,,,,254.612,
554,329,SortPoint_9_Right,322,357,,,,,255.033,
